{
    "initialState": {
      "allProducts": [
        {
          "id": 1,
          "title": "Twist Back",
          "cover": "http://allwear.com.co/images/trusas/MC102.jpg",
          "category1": "Danza",
          "category2": "Trusas",
          "description": "Trusa en lycra de tiras CAPEZIO - Twist Back",
          "colores": "Negro",
          "talla": "S-M",
          "precio":"$210.000",
          "REF": "MC102"

        },
        {
          "id": 2,
          "title": "Copas internas",
          "cover": "http://allwear.com.co/images/trusas/MC110.jpg",
          "category1": "Danza",
          "category2": "Trusas",
          "description": "Trusa en lycra de tiras CAPEZIO - Copas internas",
          "colores": "Negro",
          "talla": "S-M",
          "precio":"$210.000",
          "REF": "MC110"

        },
        {
          "id": 3,
          "title": "Espalda profunda",
          "cover": "http://allwear.com.co/images/trusas/MC220.webp",
          "category1": "Danza",
          "category2": "Trusas",
          "description": "Trusa en lycra cuello bandeja CAPEZIO - Espalda profunda",
          "colores": "Negro",
          "talla": "S-M",
          "precio":"$210.000",
          "REF": "MC220"

        },
        {
          "id": 4,
          "title": "Trusa básica",
          "cover": "http://allwear.com.co/images/trusas/TB135_Negro.jpg",
          "category1": "Danza",
          "category2": "Trusas",
          "description": "Trusa básica en lycra manga larga CAPEZIO",
          "colores": "Negro",
          "talla": "S-M",
          "precio":"$130.000",
          "REF": "TB135"

        },
        {
          "id": 5,
          "title": "Trusa básica",
          "cover": "http://allwear.com.co/images/trusas/TB135_Royal.jpg",
          "category1": "Danza",
          "category2": "Trusas",
          "description": "Trusa básica en lycra manga larga CAPEZIO",
          "colores": "Azul marino",
          "talla": "S-M",
          "precio":"$210.000",
          "REF": "TB135"

        },
        {
          "id": 6,
          "title": "Trusa básica",
          "cover": "http://allwear.com.co/images/trusas/TB135_Rojo.jpg",
          "category1": "Danza",
          "category2": "Trusas",
          "description": "Trusa básica en lycra manga larga CAPEZIO",
          "colores": "rojo",
          "talla": "S-M",
          "precio":"$210.000",
          "REF": "TB135"

        },
        {
          "id": 7,
          "title": "Trusa de diseño",
          "cover": "http://allwear.com.co/images/trusas/MC829W.jpg",
          "category1": "Danza",
          "category2": "Trusas",
          "description": "Trusa de diseño manga sisa CAPEZIO - Con velo en la espalda ",
          "colores": "Negro",
          "talla": "S-M",
          "precio":"$220.000",
          "REF": "MC829W"

        },
        {
          "id": 8,
          "title": "Trusa de diseño",
          "cover": "http://allwear.com.co/images/trusas/MC831W.jpg",
          "category1": "Danza",
          "category2": "Trusas",
          "description": "Trusa de diseño manga sisa CAPEZIO - Con velo en la espalda ",
          "colores": "Negro",
          "talla": "S-M",
          "precio":"$220.000",
          "REF": "MC831W"

        },
        {
          "id": 9,
          "title": "Trusa de diseño manga larga",
          "cover": "http://allwear.com.co/images/trusas/DA1941MP.JPG",
          "category1": "Danza",
          "category2": "Trusas",
          "description": "Trusa de diseño manga larga GRISHKO - Con velo y diseños en terciopelo",
          "colores": "Negro",
          "talla": "S",
          "precio":"$240.000",
          "REF": "DA1941MP"          

        },
        {
          "id": 10,
          "title": "Trusa de diseño manga larga",
          "cover": "http://allwear.com.co/images/trusas/DA1932MP_BLACK.jpg",
          "category1": "Danza",
          "category2": "Trusas",
          "description": "Trusa de diseño manga larga GRISHKO - Con velo y diseños en terciopelo",
          "colores": "Negro",
          "talla": "XS-S-M",
          "precio":"$210.000",
          "REF": "DA1932MP"
        },
        {
          "id": 11,
          "title": "Trusa de diseño manga sisa",
          "cover": "http://allwear.com.co/images/trusas/DA1932MP_ROSA.jpg",
          "category1": "Danza",
          "category2": "Trusas",
          "description": "Trusa de diseño manga sisa GRISHKO - Con forma strapless y delicado velo en pecho y espalda del color de la lycra",
          "colores": "Rosado",
          "talla": "XS-S-M",
          "precio":"$210.000",
          "REF": "DA1932MP"

        },
        {
          "id": 12,
          "title": "Trusa de diseño manga sisa",
          "cover": "http://allwear.com.co/images/trusas/DA1932MP_CREMA.jpg",
          "category1": "Danza",
          "category2": "Trusas",
          "description": "Trusa de diseño manga sisa GRISHKO - Con forma strapless y delicado velo en pecho y espalda del color de la lycra",
          "colores": "Crema",
          "talla": "XS-S-M",
          "precio":"$210.000",
          "REF": "DA1932MP"

        },
        {
          "id": 13,
          "title": "Trusa de diseño manga larga",
          "cover": "http://allwear.com.co/images/trusas/DA1931M.jpg",
          "category1": "Danza",
          "category2": "Trusas",
          "description": "Trusa de diseño manga larga GRISHKO - Con velos color piel en el pecho y del color de la lycra en las mangas",
          "colores": "Negro",
          "talla": "XS-S-M",
          "precio":"$230.000",
          "REF": "DA1931MP"

        },
        {
          "id": 14,
          "title": "Trusa de diseño manga larga",
          "cover": "http://allwear.com.co/images/trusas/DA1931M_Gris.jpg",
          "category1": "Danza",
          "category2": "Trusas",
          "description": "Trusa de diseño manga larga GRISHKO - Con velos color piel en el pecho y del color de la lycra en las mangas",
          "colores": "Gris",
          "talla": "XS-S-M",
          "precio":"$230.000",
          "REF": "DA1931MP"

        },
        {
          "id": 15,
          "title": "Trusa de diseño manga 3/4",
          "cover": "http://allwear.com.co/images/trusas/41592.jpg",
          "category1": "Danza",
          "category2": "Trusas",
          "description": "Trusa de diseño manga 3/4 EUROTARD - Con velo en pecho, espalda y mangas",
          "colores": "Negro",
          "talla": "XS-S-M-L",
          "precio":"$170.000",
          "REF": "41592"

        },
        {
          "id": 16,
          "title": "Trusa de diseño cuello alto",
          "cover": "http://allwear.com.co/images/trusas/41596.jpg",
          "category1": "Danza",
          "category2": "Trusas",
          "description": "Trusa de diseño cuello alto, manga sisa y espalda descubierta EUROTARD - Con velo en pecho, espalda y mangas",
          "colores": "Negro",
          "talla": "XS-S-M-L",
          "precio":"$200.000",
          "REF": "41596"

        },
        {
          "id": 17,
          "title": "Trusa de diseño manga sisa",
          "cover": "http://allwear.com.co/images/trusas/59898.PNG",
          "category1": "Danza",
          "category2": "Trusas",
          "description": "Trusa de diseño manga sisa EUROTARD - Con velo en pecho, mangas y espalda",
          "colores": "Negro",
          "talla": "XS-S-M-L",
          "precio":"$170.000",
          "REF": "59898"

        },
        {
          "id": 18,
          "title": "Trusa de diseño manga sisa",
          "cover": "http://allwear.com.co/images/trusas/59899.jpg",
          "category1": "Danza",
          "category2": "Trusas",
          "description": "Trusa de diseño manga sisa EUROTARD - Con velo en pecho, cintura y espalda",
          "colores": "Negro",
          "talla": "XS-S-M-L",
          "precio":"$170.000",
          "REF": "59899"

        },
        {
          "id": 19,
          "title": "Trusa de diseño manga 3/4",
          "cover": "http://allwear.com.co/images/trusas/61751.jpg",
          "category1": "Danza",
          "category2": "Trusas",
          "description": "Trusa de diseño manga 3/4 con diseño en espalda marca EUROTARD - Con velo de rayas en pecho, espalda y mangas",
          "colores": "Negro",
          "talla": "XS-S-M-L",
          "precio":"$200.000",
          "REF": "61751"

        },
        {
          "id": 20,
          "title": "Trusa en lycra cuello bandeja",
          "cover": "http://allwear.com.co/images/trusas/62598.jpg",
          "category1": "Danza",
          "category2": "Trusas",
          "description": "Trusa en lycra cuello bandeja manga sisa EUROTARD - Espalda profunda con diseño de brillantes en pecho y espalda",
          "colores": "Negro",
          "talla": "XS-S-M-L",
          "precio":"$170.000",
          "REF": "62598"

        },
        {
          "id": 21,
          "title": "Trusa básica",
          "cover": "http://allwear.com.co/images/trusas/44527M.JPG",
          "category1": "Danza",
          "category2": "Trusas",
          "description": "Trusa básica de tiras en lycra EUROTARD - Espalda profunda y recogido en pecho",
          "colores": "Negro",
          "talla": "XS-S-M-L",
          "precio":"$70.000",
          "REF": "44527M"

        },
        {
          "id": 22,
          "title": "Trusa básica",
          "cover": "http://allwear.com.co/images/trusas/44527m_pink.jpg",
          "category1": "Danza",
          "category2": "Trusas",
          "description": "Trusa básica de tiras en lycra EUROTARD - Espalda profunda y recogido en pecho",
          "colores": "Rosado",
          "talla": "XS-S-M-L",
          "precio":"$70.000",
          "REF": "44527M"

        },
        {
          "id": 23,
          "title": "Trusa básica",
          "cover": "http://allwear.com.co/images/trusas/44527M_blanco.jpg",
          "category1": "Danza",
          "category2": "Trusas",
          "description": "Trusa básica de tiras en lycra EUROTARD - Espalda profunda y recogido en pecho",
          "colores": "Blanco",
          "talla": "XS-S-M-L",
          "precio":"$70.000",
          "REF": "44527M"

        },
        {
          "id": 24,
          "title": "Trusa básica",
          "cover": "http://allwear.com.co/images/trusas/44527m_azul%20claro.jpg",
          "category1": "Danza",
          "category2": "Trusas",
          "description": "Trusa básica de tiras en lycra EUROTARD - Espalda profunda y recogido en pecho",
          "colores": "Azul claro",
          "talla": "XS-S-M-L",
          "precio":"$70.000"

        },
        {
          "id": 25,
          "title": "Trusa básica",
          "cover": "http://allwear.com.co/images/trusas/44527m_rojo.jpg",
          "category1": "Danza",
          "category2": "zapatillas",
          "description": "Trusa básica de tiras en lycra EUROTARD - Espalda profunda y recogido en pecho",
          "colores": "Rojo",
          "talla": "XS-S-M-L",
          "precio":"$70.000",
          "REF": "44527M"

        },        
        {
          "id": 26,
          "title": "Zapatilla",
          "cover": "http://allwear.com.co/images/zapatillas/A1004A%20Bronceado.JPG",
          "category1": "Danza",
          "category2": "zapatillas",
          "description": "Zapatilla de tiras en lycra EUROTARD - Espalda profunda y recogido en pecho",
          "colores": "Azul claro",
          "talla": "XS-S-M-L",
          "precio":"$70.000"

        },
        {
          "id": 27,
          "title": "Zapatilla",
          "cover": "http://allwear.com.co/images/zapatillas/A1004A%20Bronceado.jpg",
          "category1": "Danza",
          "category2": "zapatillas",
          "description": "Zapatilla de tiras en lycra EUROTARD - Espalda profunda y recogido en pecho",
          "colores": "Azul claro",
          "talla": "XS-S-M-L",
          "precio":"$70.000"

        },
        {
          "id": 28,
          "title": "Zapatilla",
          "cover": "http://allwear.com.co/images/zapatillas/A1004A%20Negro.jpg",
          "category1": "Danza",
          "category2": "zapatillas",
          "description": "Zapatilla de tiras en lycra EUROTARD - Espalda profunda y recogido en pecho",
          "colores": "Azul claro",
          "talla": "XS-S-M-L",
          "precio":"$70.000"

        },
        {
          "id": 29,
          "title": "Zapatilla",
          "cover": "http://allwear.com.co/images/zapatillas/A1004A%20Pink.JPG",
          "category1": "Danza",
          "category2": "zapatillas",
          "description": "Zapatilla de tiras en lycra EUROTARD - Espalda profunda y recogido en pecho",
          "colores": "Azul claro",
          "talla": "XS-S-M-L",
          "precio":"$70.000"

        },
        {
          "id": 30,
          "title": "Zapatilla",
          "cover": "http://allwear.com.co/images/zapatillas/A1004C.jpg",
          "category1": "Danza",
          "category2": "zapatillas",
          "description": "Zapatilla de tiras en lycra EUROTARD - Espalda profunda y recogido en pecho",
          "colores": "Azul claro",
          "talla": "XS-S-M-L",
          "precio":"$70.000"

        },
        {
          "id": 31,
          "title": "Zapatilla",
          "cover": "http://allwear.com.co/images/zapatillas/A2004A.JPG",
          "category1": "Danza",
          "category2": "zapatillas",
          "description": "Zapatilla de tiras en lycra EUROTARD - Espalda profunda y recogido en pecho",
          "colores": "Azul claro",
          "talla": "XS-S-M-L",
          "precio":"$70.000"

        },
        {
          "id": 32,
          "title": "Zapatilla",
          "cover": "http://allwear.com.co/images/zapatillas/Dream%20Pointe%202007.png",
          "category1": "Danza",
          "category2": "zapatillas",
          "description": "Zapatilla de tiras en lycra EUROTARD - Espalda profunda y recogido en pecho",
          "colores": "Azul claro",
          "talla": "XS-S-M-L",
          "precio":"$70.000"

        },
        {
          "id": 33,
          "title": "Zapatilla",
          "cover": "http://allwear.com.co/images/zapatillas/Grishko%202007%20Pro%20Flex.png",
          "category1": "Danza",
          "category2": "zapatillas",
          "description": "Zapatilla de tiras en lycra EUROTARD - Espalda profunda y recogido en pecho",
          "colores": "Azul claro",
          "talla": "XS-S-M-L",
          "precio":"$70.000"

        },
        {
          "id": 34,
          "title": "Zapatilla",
          "cover": "http://allwear.com.co/images/zapatillas/Grishko%202007%20Pro%20H.png",
          "category1": "Danza",
          "category2": "zapatillas",
          "description": "Zapatilla de tiras en lycra EUROTARD - Espalda profunda y recogido en pecho",
          "colores": "Azul claro",
          "talla": "XS-S-M-L",
          "precio":"$70.000"

        },
        {
          "id": 35,
          "title": "Zapatilla",
          "cover": "http://allwear.com.co/images/zapatillas/Grishko%202007%20Pro.png",
          "category1": "Danza",
          "category2": "zapatillas",
          "description": "Zapatilla de tiras en lycra EUROTARD - Espalda profunda y recogido en pecho",
          "colores": "Azul claro",
          "talla": "XS-S-M-L",
          "precio":"$70.000"

        }
      ]
    }
  }


